index,file,Comments / Key,id,start,end,t1,t2,t3,t4,type,instruments,key deviation,instr_cat,link
1,000-1-01JigsP22HauntedHouse.mp3,G,1098,3,64,16,21,36,51,jig,session,0,group,
2,001-1-02JigsP22MyDarlingAsleep.mp3,D,76,3,62,8,16,27,46,jig,session,0,group,
3,002-1-03JigsP22ClubCeili.mp3,G,56,3,66,4,29,42,53,jig,session,0,group,
4,003-1-04PolkasP39LittleDiamondPolka.mp3,D,604,3,55,6,19,25,40,polka,session,0,group,
5,004-1-05PolkasP39MurroePolka.mp3,G,1508,3,55,7,16,25,31,polka,session,0,group,
6,005-1-06PolkasP39MaidOfArdath.mp3,A,466,3,59,5,12,35,40,polka,session,0,group,
7,006-1-07ReelsP6BoyneHunt.mp3,D,142,3,56,8,14,20,41,reel,session,0,group,
8,007-1-08ReelsP6ShannonBreeze.mp3,D,87,3,55,6,18,29,43,reel,session,0,group,
9,008-1-09ReelsP6RedHairedLass.mp3,G,1716,3,59,9,15,32,37,reel,session,0,group,
10,009-1-10JigsP19HumoursOfGlendart.mp3,D,45,3,65,13,27,32,37,jig,session,0,group,
11,010-1-11JigsP19SaddleThePony.mp3,G,307,3,64,5,25,40,51,jig,session,0,group,
12,011-1-12JigsP19TobinsFavourite.mp3,D,308,3,67,6,18,28,38,jig,session,0,group,
13,012-1-13ReelsP18TullaReel.mp3,D,141,3,54,4,12,23,28,reel,session,0,group,
14,013-1-14ReelsP18Skylark.mp3,D,632,3,72,14,28,33,50,reel,session,0,group,
15,014-1-15ReelsP18RoaringMary.mp3,D,762,3,77,27,36,49,57,reel,session,0,group,
16,015-1-16SlidesP35BrosnaSlide.mp3,G,1414,3,55,5,10,30,42,slide,session,0,group,
17,016-1-17SlidesP35OKeefes.mp3,Am,53,3,54,6,11,20,26,slide,session,0,group,
18,017-1-18SlidesP35DennisMurphys.mp3,D,159,3,58,6,17,30,36,slide,session,0,group,
19,018-1-19ReelsP4MaidBehindTheBar.mp3,D,64,3,71,12,35,44,49,reel,session,0,group,
20,019-1-20ReelsP4Kilmaley.mp3,G,141,3,70,3,12,38,44,reel,session,0,group,
21,020-1-21ReelsP4GreenMountain.mp3,D,166,3,74,17,22,31,59,reel,session,0,group,
22,021-1-22PolkasP37BritchesFullOfStiches.mp3,G,1075,3,61,5,17,25,42,polka,session,0,group,
23,022-1-23PolkasP37ArmaghPolka.mp3,D,441,3,59,11,23,28,37,polka,session,0,group,
24,023-1-24PolkasP37BallydesmondNo3.mp3,G,531,3,65,13,25,30,37,polka,session,0,group,
25,024-1-25JigsP20GeeseInTheBog.mp3,Am,43,3,64,14,26,39,47,jig,session,0,group,
26,025-1-26JigsP20ConnachtmansRambles.mp3,D,19,3,62,3,25,35,48,jig,session,0,group,
27,026-1-27JigsP20OutOnTheOcean.mp3,G,108,3,66,18,24,37,48,jig,session,0,group,
28,027-1-28ReelsP14MissMcCleod.mp3,G,75,3,72,12,26,34,50,reel,session,0,group,
29,028-1-29ReelsP14MerryBlacksmith.mp3,D,72,3,70,11,21,26,32,reel,session,0,group,
30,029-1-30ReelsP14SallyGardens.mp3,G,98,3,73,17,24,30,52,reel,session,0,group,
31,030-1-31JigsP21JerrysBeaverHat.mp3,D,319,3,65,9,26,37,43,jig,session,0,group,
32,031-1-32JigsP21KeshJig.mp3,G,55,3,64,16,21,38,47,jig,session,0,group,
33,032-1-33JigsP21RamblingPitchfork.mp3,D,89,3,68,16,25,41,53,jig,session,0,group,
34,033-1-34MazurkasP41SonnysMazurka.mp3,D,5476,3,75,3,21,27,47,mazurka,session,0,group,
35,034-1-35MazurkasP41ShoeTheDonkey.mp3,G,2320,3,78,29,42,54,66,mazurka,session,0,group,
36,035-1-36RellsP10JackieColemans.mp3,D,50,3,76,17,39,49,58,reel,session,0,group,
37,036-1-37RellsP10MountainRoad.mp3,D,68,3,57,6,13,18,43,reel,session,0,group,
38,037-1-38RellsP10CreggsPipes.mp3,G,605,3,63,10,15,33,50,reel,session,0,group,
39,038-1-39JigsP26QueenOfTheFair.mp3,D,772,3,100,46,52,74,81,jig,session,0,group,
40,039-1-40JigsP26PayTheReckoning.mp3,G,1805,3,65,11,19,37,49,jig,session,0,group,
41,040-1-41JigsP26CarraroeJig.mp3,D,771,3,71,16,27,40,53,jig,session,0,group,
42,041-1-42ReelsP17Sheehans.mp3,G,1178,3,74,16,29,40,50,reel,session,0,group,
43,042-1-43ReelsP17Cameronian.mp3,D,284,3,73,4,19,49,58,reel,session,0,group,
44,043-1-44ReelsP17Foxhunters.mp3,G,511,3,97,31,60,70,81,reel,session,0,group,
45,044-1-45JigsP25LarkInTheMorning.mp3,D,62,3,130,82,89,103,110,jig,session,0,group,
46,045-1-46JigsP25HumoursOfEnnistymon.mp3,G,228,3,96,33,43,51,60,jig,session,0,group,
47,046-1-47JigsP25WanderingMinstrel.mp3,D,2025,3,101,14,52,57,71,jig,session,0,group,
48,047-1-48HornpipesP34BoysOfBluehill.mp3,D,651,3,101,30,41,63,81,hornpipe,session,0,group,
49,048-1-49HornpipesP34CorkHornpipe.mp3,D,49,3,96,41,52,72,78,hornpipe,session,0,group,
50,049-1-50HornpipesP34CroninsHonepipe.mp3,G,478,3,99,34,40,57,62,hornpipe,session,0,group,
51,050-1-51ReelsP16EarlsChair.mp3,D,221,3,76,15,27,37,60,reel,session,0,group,
52,051-1-52ReelsP16TimMaloneys.mp3,G,621,3,75,13,28,37,52,reel,session,0,group,
53,052-1-53ReelsP16ShipAreSailing.mp3,Em,543,3,81,7,37,42,53,reel,session,0,group,
54,053-1-54WaltzP42BelltableWaltz.mp3,D,5067,3,140,59,102,110,127,waltz,session,0,group,
55,054-1-55JigsP30TripToAthlone.mp3,D,1301,3,68,12,22,42,47,jig,session,0,group,
56,055-1-56JigsP30LangstromsPony.mp3,A,61,3,131,30,80,107,113,jig,session,0,group,
57,056-1-57JigsP30SackowsJig.mp3,D,111,3,69,16,27,44,49,jig,session,0,group,
58,057-2-01ReelsP5ConcertinaReel.mp3,D,18,3,74,19,30,41,57,reel,session,0,group,
59,058-2-02ReelsP5ComeWestAlongTheRoad.mp3,G,474,3,55,6,14,31,38,reel,session,0,group,
60,059-2-03ReelsP5Andersons.mp3,D,1631,3,60,8,22,33,41,reel,session,0,group,
61,060-2-04JigsP28BrendanTonras.mp3,D,451,3,65,15,24,38,50,jig,session,0,group,
62,061-2-05JigsP28Kilavil.mp3,Em,667,3,64,7,13,24,42,jig,session,0,group,
63,062-2-06JigsP28ShipInFullSail.mp3,G,261,3,70,4,15,28,35,jig,session,0,group,
64,063-2-07PolkasP36BallydesmondNo2.mp3,Am,238,3,56,7,15,32,44,polka,session,0,group,
65,064-2-08PolkasP36BallydesmondNo1.mp3,Am,239,3,56,6,15,25,38,polka,session,0,group,
66,065-2-09PolkasP36PegRyans.mp3,D,39,3,61,5,14,37,47,polka,session,0,group,
67,066-2-10ReelsP9SilverSpear.mp3,D,182,3,73,5,25,45,54,reel,session,0,group,
68,067-2-11ReelsP9FatherKellys.mp3,G,791,3,72,9,24,48,57,reel,session,0,group,
69,068-2-12ReelsP9MissMonaghan.mp3,D,471,3,78,29,34,50,61,reel,session,0,group,
70,069-2-13JigsP23JimWards.mp3,G,793,3,65,5,19,38,50,jig,session,0,group,
71,070-2-14JigsP23BlarneyPilgrim.mp3,D,5,3,95,34,58,63,83,jig,session,0,group,
72,071-2-15JigsP23CookInTheKitchen.mp3,G,808,3,100,22,35,42,48,jig,session,0,group,
73,072-2-16HornpipesP33SonnyMurrays.mp3,D,309,3,97,32,54,65,70,hornpipe,session,0,group,
74,073-2-17HornpipesP33HomeRoler.mp3,D,310,3,92,40,47,57,76,hornpipe,session,0,group,
75,074-2-18HornpipesP33KittysWedding.mp3,D,869,3,95,24,41,70,80,hornpipe,session,0,group,
76,075-2-19AirP42TabhairDomDoLamh.mp3,G,454,3,129,34,45,63,82,waltz,session,0,group,
77,076-2-20ReelsP11JoeCooleys.mp3,Em,1,3,72,16,24,41,53,reel,session,0,group,
78,077-2-21ReelsP11WiseMaid.mp3,D,118,3,71,12,17,38,51,reel,session,0,group,
79,078-2-22ReelsP11BirdInTheBush.mp3,G,629,3,75,9,14,24,49,reel,session,0,group,
80,079-2-23JigsP29DustyWindowsills.mp3,Am,29,3,95,24,57,71,76,jig,session,0,group,
81,080-2-24JigsP29CliffsOfMoher.mp3,Am,12,3,63,12,23,28,50,jig,session,0,group,
82,081-2-25JigsP29RoseInTheHeather.mp3,D,447,3,66,14,19,31,38,jig,session,0,group,
83,082-2-26MazurkasP40JohnDohertysMazurka.mp3,D,1323,3,67,15,30,37,53,mazurka,session,0,group,
84,083-2-27MazurkasP40VincentCampbells.mp3,G,1332,3,73,22,32,49,59,mazurka,session,0,group,
85,084-2-28ReelsP13DrowsieMaggie.mp3,Em,27,3,54,3,12,24,34,reel,session,0,group,
86,085-2-29ReelsP13GlassOfBeer.mp3,Bm,188,3,53,4,10,28,34,reel,session,0,group,
87,086-2-30ReelsP13TossTheFeathers(Em).mp3,Em,113,3,53,5,12,19,29,reel,session,0,group,
88,087-2-31ReelsP13TossTheFeathers(D).mp3,D,138,3,76,24,29,36,58,reel,session,0,group,
89,088-2-32JigsP31MorningLark.mp3,D,2060,3,65,6,15,41,51,jig,session,0,group,
90,089-2-34JigsP31TomBillys.mp3,Am,5379,3,68,4,16,38,49,jig,session,0,group,
91,090-2-35SingleJigP42LongNote.mp3,D,1682,3,122,11,70,85,108,slide,session,0,group,
92,091-2-36ReelsP12Teetotaller.mp3,G,114,3,72,4,28,38,54,reel,session,0,group,
93,092-2-37ReelsP12StAnnes.mp3,D,103,3,71,22,35,42,50,reel,session,0,group,
94,093-2-38ReelsP12LondonLasses.mp3,G,2273,3,75,19,35,46,56,reel,session,0,group,
95,094-2-39JigsP27KidOnTheMountain.mp3,Em,52,3,132,39,50,88,110,slip jig,session,0,group,
96,095-2-40JigsP27JimMorrisons.mp3,Em,71,3,69,5,11,22,53,jig,session,0,group,
97,096-2-41JigsP27LeitrimJig.mp3,D,467,3,75,25,30,41,62,jig,session,0,group,
98,097-2-42ReelsP8BankOfIreland.mp3,D,320,3,78,5,23,49,58,reel,session,0,group,
99,098-2-43ReelsP8WomanOfTheHouse.mp3,G,321,3,78,30,38,51,56,reel,session,0,group,
100,099-2-44ReelsP8KerryReel.mp3,Em,322,3,82,4,42,50,55,reel,session,0,group,
101,100-2-45JigsP24LiltingBanshee.mp3,Am,60,3,66,12,25,40,45,jig,session,0,group,
102,101-2-46JigsP24HasteToTheWedding.mp3,D,582,3,65,14,24,36,42,jig,session,0,group,
103,102-2-47JigsP24MaidOnTheGreen.mp3,G,1831,3,70,4,25,32,38,jig,session,0,group,
104,103-2-48ReelsP7OverTheMoorToMaggie.mp3,G,115,3,112,5,55,78,87,reel,session,0,group,
105,104-2-49ReelsP7LadyAnnMontgomery.mp3,D,59,3,75,14,34,40,55,reel,session,0,group,
106,105-2-50ReelsP7MaudeMillar.mp3,G,1177,3,62,3,13,31,46,reel,session,0,group,
107,106-2-51JigsP32TheFrostIsAllOver.mp3,D,448,3,65,12,28,36,44,jig,session,0,group,
108,107-2-52JigsP32TheEavesdropper.mp3,G,389,3,64,5,14,25,52,jig,session,0,group,
109,108-2-53JigsP32SixpennyMoney.mp3,D,387,3,69,19,33,43,48,jig,session,0,group,
110,109-2-54PolkasP38SweeneysPolka.mp3,A,1549,3,59,6,23,29,47,polka,session,0,group,
111,110-2-55PolkasP38DennisMurphys.mp3,D,357,3,60,11,21,30,40,polka,session,0,group,
112,111-2-56PolkasP38MaggieInTheWood.mp3,G,291,3,66,8,24,33,48,polka,session,0,group,
113,112-2-57ReelsP15Salamanca.mp3,D,99,3,77,21,36,48,58,reel,session,0,group,
114,113-2-58ReelsP15Banshee.mp3,G,8,3,76,23,35,46,60,reel,session,0,group,
115,114-2-59ReelsP15SailorsBonnet.mp3,D,570,3,59,5,17,34,47,reel,session,0,group,
116,115-1-01GarrettBarrysJig.mp3,D,544,3,67,6,23,28,46,jig,session,0,group,
117,116-1-02MichaelHynes.mp3,D,926,3,65,12,17,39,49,jig,session,0,group,
118,"117-1-03BoysoftheTown,the.mp3",G,1264,3,70,5,18,38,47,jig,session,0,group,
119,118-1-04SailorontheRock.mp3,D,765,3,54,5,10,15,41,reel,session,0,group,
120,"119-1-05HaresPaw,the.mp3",G,1462,3,53,3,15,21,32,reel,session,0,group,
121,120-1-06SonnyBanks.mp3,D,1453,3,59,3,16,33,43,reel,session,0,group,
122,"121-1-07KerryJig,the.mp3",G,587,3,66,10,27,41,49,jig,session,0,group,
123,122-1-08LadOBeirenes.mp3,D,644,3,65,16,29,36,41,jig,session,0,group,
124,"123-1-09BushontheHill,the.mp3",G,1305,3,70,11,25,39,55,jig,session,0,group,
125,124-1-10JennyPickingCockles.mp3,D,202/1357,3,74,22,28,35,43,reel,session,0,group,
126,125-1-11JennysWedding.mp3,D,1347,3,72,16,36,43,49,reel,session,0,group,
127,126-1-12JennysChickens.mp3,Bm,756,3,59,7,14,35,46,reel,session,0,group,
128,127-1-13TarRoadtoSLigo.mp3,D,151,3,63,4,12,28,33,jig,session,0,group,
129,"128-1-14MaidintheMedow,the.mp3",G,942,3,64,3,20,26,43,jig,session,0,group,
130,129-1-15BehindtheHaystack.mp3,D,358,3,100,15,25,65,84,jig,session,0,group,
131,130-1-16RyansSlipJig.mp3,D,378,3,49,4,12,18,30,slip jig,session,0,group,
132,131-1-17DropsofBrandy(KeyofG).mp3,G,388,3,48,5,10,16,25,slip jig,session,0,group,
133,"132-1-18Foxhunt,the.mp3",D,482,3,102,48,66,78,88,slip jig,session,0,group,
134,133-1-19OldKilfenoraJig.mp3,G,2292,3,66,12,17,41,53,jig,session,0,group,
135,"134-1-20HoleintheHedge,the.mp3",C,755,3,65,14,23,30,40,jig,session,0,group,
136,135-1-21FlowersoftheBurren.mp3,G,4899,3,71,12,30,46,55,jig,session,0,group,
137,136-1-22MemoriesofBallymote.mp3,G,1560,3,66,10,21,42,47,polka,session,0,group,
138,137-1-23GurteenCross.mp3,G,1564,3,63,13,20,33,50,polka,session,0,group,
139,138-1-24WavesofTory.mp3,D,2286,3,67,18,26,37,47,polka,session,0,group,
140,139-1-25CupofTea.mp3,Em,20,3,108,45,56,71,86,reel,session,0,group,
141,"140-1-26NewCopperplate,the.mp3",G,887,3,73,25,30,37,43,reel,session,0,group,
142,"141-1-27OldCopperplate,the.mp3",Am,410,3,74,24,31,41,59,reel,session,0,group,
143,"142-1-28TongsbytheFire,the.mp3",G,1569,3,66,10,16,28,51,jig,session,0,group,
144,143-1-29StriketheGayHarp.mp3,D,1216,3,99,25,48,61,80,jig,session,0,group,
145,144-1-30WillieColemans.mp3,G,476,3,71,15,26,31,41,jig,session,0,group,
146,145-1-31DonegalReel.mp3,D,1621,3,74,6,37,49,58,reel,session,0,group,
147,"146-1-32PeelersJacket,the.mp3",G,1343,3,74,21,27,50,55,reel,session,0,group,
148,147-1-33TriptoDurrow.mp3,D,891,3,117,12,55,72,79,reel,session,0,group,
149,148-1-34OCallaghans.mp3,G,1349,3,93,11,57,66,76,hornpipe,session,0,group,
150,149-1-35PlainsofBoyle.mp3,D,652,3,92,20,33,42,74,hornpipe,session,0,group,
151,150-1-36RightsofMan.mp3,Em,83,3,96,22,59,65,70,hornpipe,session,0,group,
152,151-1-37MaidsofMountCisco.mp3,Am,432,3,88,27,37,57,67,reel,session,0,group,
153,152-1-38SligoMaid.mp3,Am,399,3,69,21,28,35,41,reel,session,0,group,
154,153-1-39SwallowsTail.mp3,Am,105,3,74,10,36,50,59,reel,session,0,group,
155,154-1-40BillCollinsJig.mp3,D,2217,3,62,10,20,35,48,jig,session,0,group,
156,"155-1-41KilimoveeJig,the.mp3",G,2973,3,62,3,9,36,41,jig,session,0,group,
157,"156-1-42Cobbler,the.mp3",D,1911,3,67,9,27,43,52,jig,session,0,group,
158,157-1-43KittyDoneaMilking.mp3,G,1647,3,53,5,14,19,32,reel,session,0,group,
159,158-1-44CollegeCroves.mp3,D,1272,3,89,37,44,52,76,reel,session,0,group,
160,159-1-45GreenFieldsofAmerica.mp3,G,695,3,77,17,32,46,53,reel,session,0,group,
161,160-1-46JacksonsMorningBreeze.mp3,D,1510,3,66,14,27,33,44,jig,session,0,group,
162,161-1-47ChristyBarrysNo1.mp3,G,843,3,65,17,29,34,47,jig,session,0,group,
163,162-1-48ChristyBarrysNo2.mp3,G,820,3,70,6,26,42,52,jig,session,0,group,
164,163-1-49SwingingontheGate.mp3,G,236,3,73,20,34,46,60,reel,session,0,group,
165,"164-1-50TinkersDaughter,the.mp3",D,353,3,71,9,24,47,56,reel,session,0,group,
166,"165-1-51HuntersHouse,the.mp3",G,472,3,77,3,20,42,47,reel,session,0,group,
167,"166-1-52LuckPenny,the.mp3",G,1334,3,98,33,38,54,73,jig,session,0,group,
168,167-1-53PipeontheHobNo1.mp3,D,1049,3,65,11,29,40,45,jig,session,0,group,
169,168-1-54PipeontheHobNo2.mp3,Am,81,3,99,48,53,61,76,jig,session,0,group,
170,169-2-01ConnemaraStockings.mp3,G,614,3,54,5,15,27,41,reel,session,0,group,
171,170-2-02JImMcCormicks.mp3,G,2269,3,70,6,30,44,56,reel,session,0,group,
172,171-2-03TheClougherReel.mp3,D,2350,3,58,9,15,25,31,reel,session,0,group,
173,172-2-04StarAboveTheGarter.mp3,D,1398,3,58,5,13,31,37,slide,session,0,group,
174,173-2-05JohnMickeysSlide.mp3,D,4097,3,57,5,14,26,44,slide,session,0,group,
175,174-2-06DingleRegetta.mp3,G,23,3,92,28,53,67,73,slide,session,0,group,
176,175-2-07HealthToTheLadies.mp3,A,327,3,66,13,26,41,46,jig,session,0,group,
177,176-2-08TheRambler.mp3,A,510,3,65,9,22,35,43,jig,session,0,group,
178,177-2-09WhenSickIsItTae.mp3,D,427,3,70,18,31,37,48,jig,session,0,group,
179,178-2-10MartinWynnesNo1.mp3,D,347,3,72,12,18,33,54,reel,session,0,group,
180,179-2-11MartinWynnesNo2.mp3,D,359,3,71,8,28,36,52,reel,session,0,group,
181,180-2-12MartinWynnesNo3.mp3,G,461,3,77,10,16,34,52,reel,session,0,group,
182,181-2-13BrianBorusMarch.mp3,Am,271,3,182,124,131,144,161,waltz,session,0,group,
183,182-2-14StoneOfDestiny.mp3,G,804,3,92,23,44,55,66,reel,session,0,group,
184,183-2-15ChicagoReel.mp3,Am,840,3,72,7,32,48,58,reel,session,0,group,
185,184-2-16CastleKelly.mp3,Am,21,3,71,22,29,35,54,reel,session,0,group,
186,185-2-17HumoursOfBallyconnell.mp3,D,1428,3,59,8,18,29,42,reel,session,0,group,
187,186-2-18TheLiltingFisherman.mp3,G,3369,3,65,3,26,36,41,jig,session,0,group,
188,187-2-19TellHerIAm.mp3,G,161,3,65,9,27,36,51,jig,session,0,group,
189,188-2-20GoingToTheWellForWater.mp3,D,455,3,69,8,31,41,46,jig,session,0,group,
190,189-2-21TerryTeelans.mp3,G,331,3,59,7,13,30,40,polka,session,0,group,
191,190-2-22JohnEgans.mp3,D,916,3,59,5,13,28,36,polka,session,0,group,
192,191-2-23JohnWalshs.mp3,G,329/6923,3,64,4,21,38,48,polka,session,0,group,
193,192-2-24ShaskeenReel.mp3,G,615,3,73,10,37,47,58,reel,session,0,group,
194,193-2-25MyLoveIsInAmerica.mp3,D,77,3,73,23,33,40,60,reel,session,0,group,
195,194-2-26TomWardsDownfall.mp3,G,565/898,3,78,10,23,42,49,reel,session,0,group,
196,195-2-27PaddysReturn.mp3,D,948/448,3,66,13,28,39,52,jig,session,0,group,
197,196-2-28KilfenoraJigNo2.mp3,D,949,3,161,47,63,125,136,jig,session,0,group,
198,197-2-29KilfenoraJigNo3.mp3,D,947,3,71,17,22,28,47,jig,session,0,group,
199,198-2-30TraversReel.mp3,G,3111,3,75,27,38,48,59,reel,session,0,group,
200,199-2-31BucksOfOranmore.mp3,D,2,3,92,18,50,57,77,reel,session,0,group,
201,200-2-32DukeOfLeinster.mp3,G,1385,3,80,24,40,51,68,reel,session,0,group,
202,201-2-33TheBatteringRam.mp3,G,382,3,96,42,57,66,73,jig,session,0,group,
203,202-2-34HumoursOfDrinagh.mp3,D,413,3,63,13,18,36,45,jig,session,0,group,
204,203-2-35GilliansApples.mp3,G,1855,3,71,22,28,36,42,jig,session,0,group,
205,204-2-36NewPoliceman.mp3,D,769,3,72,5,17,25,52,reel,session,0,group,
206,205-2-37LadOBeirnes.mp3,G,406,3,72,6,21,44,50,reel,session,0,group,
207,206-2-38WindThatShakesTheBarley.mp3,D,116,3,60,3,16,22,47,reel,session,0,group,
208,207-2-39LucyFarrsBarndance.mp3,G,1307,3,89,17,36,47,70,barndance,session,0,group,
209,208-2-40StackOfBarley.mp3,G,2224,3,88,20,49,64,70,barndance,session,0,group,
210,209-2-41SomeSayTheDevilIsDead.mp3,G,1990,3,71,22,35,42,49,barndance,session,0,group,
211,210-2-42Cronins(SpeedThePlough).mp3,D,901,3,71,23,29,42,55,reel,session,0,group,
212,211-2-43TommyPeoples.mp3,G,1100,3,53,3,8,29,39,reel,session,0,group,
213,212-2-44GalteeRangers.mp3,D,724,3,59,6,12,24,34,reel,session,0,group,
214,213-2-45OffToCalefornia.mp3,G,30,3,98,36,51,61,74,hornpipe,session,0,group,
215,214-2-46Liverpool.mp3,D,1500,3,92,7,27,55,68,hornpipe,session,0,group,
216,215-2-47Murphys.mp3,G,149,3,95,20,38,43,81,hornpipe,session,0,group,
217,216-2-48Tarbolten.mp3,Em,560,3,76,16,33,51,60,reel,session,0,group,
218,217-2-49LongfordCollector.mp3,G,563,3,74,18,34,40,52,reel,session,0,group,
219,219-01-Devanney's Goat.mp3,D,2881,3,78,8,24,53,61,reel,session,0,group,
220,220-02-Galway Rambler.mp3,G,634,3,55,4,19,28,35,reel,session,0,group,
221,221-03-Last Night's Fun.mp3,D,63,3,59,10,16,27,38,reel,session,0,group,
222,222-04-Mug of Brown Ale.mp3,Am,888,3,66,7,19,37,48,jig,session,0,group,
223,223-05-Leg of the Duck.mp3,G,1317,3,65,17,27,34,52,jig,session,0,group,
224,224-06-Munster Buttermilk.mp3,G,1077,3,63,5,21,36,44,jig,session,0,group,
225,225-07-McKeown's Polka.mp3,D,2181,3,251,169,204,210,230,polka,session,0,group,
226,226-08-Banks of Lough Gowna.mp3,Am,775,3,66,9,23,42,49,jig,session,0,group,
227,227-09-Gold Ring.mp3,D,1351,3,127,41,82,91,107,jig,session,0,group,
228,228-10-Tommy Mulhaire's.mp3,Em,1433,3,68,6,19,33,47,jig,session,0,group,
229,229-11-Dick Sherlock's Reel.mp3,D,1139,3,76,20,38,43,50,reel,session,0,group,
230,230-12-The Morning Star.mp3,G,828,3,57,4,18,27,40,reel,session,0,group,
231,231-13-Lady on the Island.mp3,D,938,3,60,11,20,27,43,reel,session,0,group,
232,232-14-Derry Hornpipe.mp3,D,3250,3,95,46,51,68,76,hornpipe,session,0,group,
233,233-15-Kit O'Mahony's.mp3,G,5970,3,94,4,48,57,69,hornpipe,session,0,group,
234,234-16-The Galway Hornpipe.mp3,D,38,3,95,30,48,67,74,hornpipe,session,0,group,
235,235-17-Johnny I Do Miss You.mp3,D,2781,3,56,8,14,29,35,polka,session,0,group,
236,236-18-Tripping to the Well.mp3,G,4158,3,56,8,18,26,31,polka,session,0,group,
237,237-19-Bill Sullivan's Polka.mp3,A,481,3,59,10,18,25,44,polka,session,0,group,
238,238-20-Old Kilfenora Jig.mp3,G,2292,3,64,15,28,37,44,jig,session,0,group,
239,239-21-Club Ceili.mp3,G,56,3,59,3,20,27,41,jig,session,0,group,
240,240-22-Jim Ward's.mp3,G,793,3,94,14,47,59,79,jig,session,0,group,
241,241-23-George White's Favourite.mp3,G,718,3,75,6,11,32,51,reel,session,0,group,
242,242-24-Boys of Malin.mp3,A,11,3,54,3,16,28,37,reel,session,0,group,
243,243-25-Gravel Walk.mp3,Am,42,3,95,38,55,69,79,reel,session,0,group,
244,246-28-Tulla Polka.mp3,G,5119/4774/1640,3,88,9,41,52,59,polka,session,0,group,
245,247-29-Siege of Ennis.mp3,D,583,3,58,3,12,25,30,polka,session,0,group,
246,248-30-Knockabower Polka.mp3,G,3023,3,89,10,23,28,46,polka,session,0,group,
247,249-31-Doon Reel.mp3,D,438,3,77,16,23,43,50,reel,session,0,group,
248,250-32-Mountain Top.mp3,G,529,3,57,9,14,29,34,reel,session,0,group,
249,251-33-Fred Finns.mp3,D,452,3,81,13,37,53,62,reel,session,0,group,
250,252-34-Kathleen Hehir's Slide.mp3,D,157,3,122,13,78,90,100,slide,session,0,group,
251,253-35-Merrily kiss the Quaker.mp3,G,70,3,92,12,41,63,71,slide,session,0,group,
252,254-36-The Weaver's (O'Keefe's No. 2).mp3,D,1527,3,64,15,21,28,37,slide,session,0,group,
253,255-37-Around the Fairy Fort.mp3,D,2177,3,130,63,86,105,117,barndance,session,0,group,
254,256-38-The New Broom.mp3,G,1726,3,82,10,16,40,69,barndance,session,0,group,
255,257-39-If there Weren't Any Women in the World.mp3,A,1376,3,85,22,40,55,68,barndance,session,0,group,
256,258-40-Kinnegad Slashers.mp3,D,1258,3,97,27,32,63,75,jig,session,0,group,
257,259-41-Blackthorn Stick.mp3,G,702,3,63,3,18,26,45,jig,session,0,group,
258,260-42-Scotsman Over the Border.mp3,D,548,3,67,18,30,39,46,jig,session,0,group,
259,261-43-Old Blackthorn.mp3,D,720,3,57,6,21,30,42,reel,session,0,group,
260,262-44-Mossy Banks.mp3,G,1846,3,111,50,74,82,89,reel,session,0,group,
261,263-45-Jim Donohue's.mp3,D,2536,3,78,17,23,53,60,reel,session,0,group,
262,264-46-Shandon Bells.mp3,D,1200,3,64,10,24,30,49,jig,session,0,group,
263,265-47-Father Kelly's.mp3,G,2156,3,96,42,47,57,73,jig,session,0,group,
264,266-48-I Buried my Wife & Danced on her Grave.mp3,D,383,3,68,10,28,34,55,jig,session,0,group,
265,267-49-Farrel O'Gara.mp3,D,234,3,76,7,23,39,48,reel,session,0,group,
266,268-50-O'Rourke's.mp3,A,90,3,56,3,18,27,40,reel,session,0,group,
267,269-51-Irish Girl.mp3,D,844,3,60,5,12,34,42,reel,session,0,group,
268,270-52-Christmas Eve.mp3,G,440,3,115,9,24,40,61,reel,session,0,group,
269,271-53-Killavil Reel.mp3,D,1723,3,75,26,38,48,59,reel,session,0,group,
270,272-54-Boys of Ballysodare.mp3,G,535,3,61,10,21,32,49,reel,session,0,group,
271,273-01-Austin Tierney's.mp3,D,4855,3,74,12,36,42,51,reel,session,0,group,
272,274-02-Rattigan's.mp3,G,1449,3,72,20,31,40,55,reel,session,0,group,
273,275-03-John Brennan's.mp3,D,404,3,75,14,22,35,55,reel,session,0,group,
274,276-04-Paddy Clancy's.mp3,D,832,3,61,13,18,31,45,jig,session,0,group,
275,277-05-Macho Snap's.mp3,G,811,3,61,5,18,37,45,jig,session,0,group,
276,278-06-Paddy Taylor's.mp3,D,13405,3,66,7,12,20,33,jig,session,0,group,
277,279-07-Dick Gossip's.mp3,D,408,3,73,22,29,40,48,reel,session,0,group,
278,280-08-Limestone Rock.mp3,G,1619,3,54,3,15,23,39,reel,session,0,group,
279,281-09-Boys of Ballinahinch.mp3,D,1348,3,58,6,14,27,42,reel,session,0,group,
280,282-10-Fairy Queen.mp3,D,630,3,90,6,12,30,39,hornpipe,session,0,group,
281,283-11-Good Natured Man.mp3,G,312,3,85,23,35,54,71,hornpipe,session,0,group,
282,284-12-Belfast Hornpipe.mp3,D,4,3,133,40,74,81,97,hornpipe,session,0,group,
283,285-13-Micho Russel's Slide.mp3,D,958,3,63,13,19,35,40,slide,session,0,group,
284,286-14-The Priest.mp3,G,1765,3,62,6,13,23,40,slide,session,0,group,
285,287-15-Cat's Rambles to the Child's Saucepan.mp3,D,365,3,66,14,29,34,54,slide,session,0,group,
286,288-16-Joe Bane's Reel.mp3,G,2804,3,63,11,21,28,38,reel,"button accordion, flute, guitar",0,trio acc,
287,289-17-Lucy Campbell's.mp3,D,1552,3,72,23,29,34,55,reel,"button accordion, flute, piano",0,trio acc,
288,290-18-The Boys of 45.mp3,G,6336,3,112,31,50,64,95,reel,"button accordion, flute, guitar, piano",0,group,
289,291-19-Top of the Maol.mp3,Am,3454,3,57,3,21,33,43,polka,session,0,group,
290,294-22-Pigeon on the Gate.mp3,Em,517,3,72,21,32,40,60,reel,session,0,group,
291,295-23-Flogging Reel.mp3,G,195,3,80,17,30,53,60,reel,session,0,group,
292,296-24-Tie the Bonnet.mp3,A,136,3,57,8,13,28,41,reel,session,0,group,
293,297-25-Caileach an Airgead.mp3,D,351,3,63,13,25,32,39,jig,session,0,group,
294,298-26-Bride's Favourite.mp3,G,3746,3,93,28,41,61,80,jig,session,0,group,
295,299-27-Julia Clifford's.mp3,D,864,3,67,19,29,39,54,jig,session,0,group,
296,300-28-Holly Bush.mp3,D,1566,3,78,28,40,50,60,reel,session,0,group,
297,301-29-Fermoy Lasses.mp3,Em,219,3,58,8,13,32,41,reel,session,0,group,
298,302-30-Sporting Paddy.mp3,Am,430,3,62,11,26,32,42,reel,session,0,group,
299,303-31-Fanny Power.mp3,G,957,3,130,4,25,56,61,waltz,"harp, session",0,group,
300,304-32-Si Beag Si Mor.mp3,D,449,3,135,12,62,73,120,waltz,"uilleann pipes, flute, harp, session",0,group,
301,305-33-Contentment is Wealth.mp3,Em,1662,3,62,4,20,36,46,jig,session,0,group,
302,306-34-Father O'Flynn.mp3,D,1080,3,59,5,10,23,34,jig,session,0,group,
303,307-35-I Will if I Can.mp3,G,1248,3,65,11,22,37,45,jig,session,0,group,
304,308-36-Crowley's No. 1.mp3,D,759,3,57,5,16,28,36,reel,session,0,group,
305,309-37-Crowley's No. 2.mp3,D,1180,3,63,9,23,35,41,reel,session,0,group,
306,310-38-Blackberry Blossom.mp3,G,1365,3,63,12,21,31,50,reel,session,0,group,
307,311-39-Keel Row Fling.mp3,G,3637,3,63,6,12,21,38,fling,session + piano,0,group,
308,312-40-High Road to Linton.mp3,A,1118,3,62,7,24,36,49,fling,session + piano,0,group,
309,313-41-Green grow the Rushes.mp3,G,1936,3,66,10,24,32,53,fling,session + piano,0,group,
310,314-42-Mulqueen's Reel.mp3,D,66,3,58,4,15,32,46,reel,session,0,group,
311,315-43-Little Bag of Spuds.mp3,G,391,3,59,9,23,35,46,reel,session,0,group,
312,316-44-Charlie Harris's.mp3,D,2039/4620,3,62,4,18,36,49,reel,session,0,group,
313,317-45-Kilfenora Slide.mp3,G,7541,3,95,10,23,46,75,slide,session,0,group,
314,318-46-John Joe's.mp3,Am,2188,3,68,10,29,43,49,slide,session,0,group,
315,319-47-Stone of Destiny.mp3,G,804,3,78,17,33,43,64,reel,session,0,group,
316,320-48-Road to Garrison.mp3,D,2698,3,80,10,19,47,53,reel,session,0,group,
317,321-49-Lurgadan Jig.mp3,D,1851,3,67,10,27,38,55,jig,session,0,group,
318,322-50-Mist Covered Mountains.mp3,Am,256,3,65,5,27,38,46,jig,session,0,group,
319,323-51-Eddie Moloney's Jig.mp3,D,3002,3,72,16,30,36,53,jig,session,0,group,
320,324-52-The Otter's Holt.mp3,Bm,636,3,79,13,23,43,62,reel,session,0,group,
321,325-53-Music in the Glen.mp3,G,303,3,69,21,28,37,47,reel,session,0,group,
322,326-54-The Virginia Reel.mp3,D,812,3,73,11,34,41,58,reel,session,0,group,
323,cl535_10.mp3,2 Reels - “Sunny Banks” and “The mountain top”,1453,13,57,13,18,23,41,reel,session,0,group,https://media.comhaltas.ie/video/cl535/cl535_10.mp4
324,cl535_10.mp3,,529,58,129,72,80,102,111,reel,session,0,group,https://media.comhaltas.ie/video/cl535/cl535_10.mp4
325,cl535_3.mp3,reels are - “The fisherman’s island” (Ed. Reavy) and “The reconciliation”,181,13,70,14,21,34,42,reel,fiddle,0,solo,https://media.comhaltas.ie/video/cl535/cl535_3.mp4
326,cl535_3.mp3,,1977,71,128,80,86,91,113,reel,fiddle,0,solo,https://media.comhaltas.ie/video/cl535/cl535_3.mp4
327,cl533_15.mp3,"Reels - “The silver spear”, “The wind that shakes the barley” and “The Dublin reel”",182,12,105,34,46,79,86,reel,uilleann pipes,0,solo,https://media.comhaltas.ie/video/cl533/cl533_15.mp4
328,cl533_15.mp3,,384,106,176,122,133,140,149,reel,uilleann pipes,0,solo,https://media.comhaltas.ie/video/cl533/cl533_15.mp4
329,cl533_15.mp3,,116,177,237,182,196,206,219,reel,uilleann pipes,0,solo,https://media.comhaltas.ie/video/cl533/cl533_15.mp4
330,cl532_03.mp3,Reel - “Splendid isolation”,200,13,94,31,50,70,81,reel,concertina,0,solo,https://media.comhaltas.ie/video/cl532/cl532_03.mp4
331,cl531_2.mp3,Jigs on banjo - “The coming of Spring” (P. O’ Brien) and “The thrush in the straw”,2403,12,107,48,53,71,93,jig,banjo,0,solo,https://media.comhaltas.ie/video/cl531/cl531_2.mp4
332,cl531_2.mp3,,1600,108,168,118,129,135,150,jig,banjo,0,solo,https://media.comhaltas.ie/video/cl531/cl531_2.mp4
333,cl529_14.mp3,reels are “Master Crowleys’ and “Paddy O’ Brien’s”,281,12,62,14,20,27,49,reel,button accordion,0,solo,https://media.comhaltas.ie/video/cl529/cl529_14.mp4
334,cl529_14.mp3,,8305,63,132,75,96,107,119,reel,button accordion,0,solo,https://media.comhaltas.ie/video/cl529/cl529_14.mp4
335,cl529_11.mp3,Jigs - “The bow-legged tailor” and “At home in the kitchen”.,1063,13,79,17,25,48,56,jig,"flute, button accordion",0,duo,https://media.comhaltas.ie/video/cl529/cl529_11.mp4
336,cl528_12.mp3,"Reels - “The coalminer’s”, “The rookery” and “The red-haired lass”",1617,16,83,19,31,39,71,reel,"flute, concertina, fiddle",0,trio,https://media.comhaltas.ie/video/cl528/cl528_12.mp4
337,cl528_12.mp3,,2958,84,151,91,98,117,125,reel,"flute, concertina, fiddle",0,trio,https://media.comhaltas.ie/video/cl528/cl528_12.mp4
338,cl528_12.mp3,,1716,152,201,152,165,170,179,reel,"flute, concertina, fiddle",0,trio,https://media.comhaltas.ie/video/cl528/cl528_12.mp4
339,cl527_10.mp3,reels are “Imelda Rolands” and “The traveller”,2735,15,87,35,45,53,65,reel,"flute, button accordion",0,duo,https://media.comhaltas.ie/video/cl527/cl527_10.mp4
340,cl527_10.mp3,,143,88,163,94,115,129,151,reel,"flute, button accordion",0,duo,https://media.comhaltas.ie/video/cl527/cl527_10.mp4
341,cl525_12.mp3,4-part Jig “The coming of spring” (P. O’ Brien),2403,10,113,46,52,57,88,jig,2 concertinas,0,duo,https://media.comhaltas.ie/video/cl525/cl525_12.mp4
342,cl523_7.mp3,Reels - “Spike Island Lassies” and “Tom Moylan’s”,737,48,118,53,75,88,102,reel,"fiddle, guitar (in session)",0,duo acc,https://media.comhaltas.ie/video/cl523/cl523_7.mp4
343,cl523_7.mp3,,3930,119,187,122,137,159,166,reel,"fiddle, guitar (in session)",0,duo acc,https://media.comhaltas.ie/video/cl523/cl523_7.mp4
344,cl521_8.mp3,Reels - “The mountain road” and “The Doon reel”,68,13,82,18,33,53,69,reel,session,0,group,https://media.comhaltas.ie/video/cl521/cl521_8.mp4
345,cl521_8.mp3,,438,84,187,110,117,163,173,reel,session,0,group,https://media.comhaltas.ie/video/cl521/cl521_8.mp4
346,cl521_6.mp3,"Reels - “Jim Donohoe’s”, “Master’s return” and “Love at the endings” (Ed. Reavy).",2536,12,109,28,62,75,88,reel,session,0,group,https://media.comhaltas.ie/video/cl521/cl521_6.mp4
347,cl521_6.mp3,,1632,110,161,113,119,124,141,reel,session,0,group,https://media.comhaltas.ie/video/cl521/cl521_6.mp4
348,cl521_6.mp3,,990,162,230,180,194,204,210,reel,session,0,group,https://media.comhaltas.ie/video/cl521/cl521_6.mp4
349,cl517_2.mp3,"“Winnie Hayes’ jig”, “The hag at the churn” and “The legacy jig”.",797,14,75,23,30,49,61,jig,session,0,group,https://media.comhaltas.ie/video/cl517/cl517_2.mp4
350,cl517_2.mp3,,829,77,122,77,86,95,104,jig,session,0,group,https://media.comhaltas.ie/video/cl517/cl517_2.mp4
351,cl517_2.mp3,,2259,123,184,132,145,152,169,jig,session,0,group,https://media.comhaltas.ie/video/cl517/cl517_2.mp4
352,cl516_7.mp3,"“Ramnee Ceilidh” (Scottish), “Tommy Peoples’ reel” and “The road to Errogie” (Scottish)",2639,13,111,23,28,34,63,reel,session,0,group,https://media.comhaltas.ie/video/cl516/cl516_7.mp4
353,cl516_7.mp3,,1100,112,163,113,118,133,139,reel,session,0,group,https://media.comhaltas.ie/video/cl516/cl516_7.mp4
354,cl516_7.mp3,,5270,164,261,209,217,227,237,reel,session,0,group,https://media.comhaltas.ie/video/cl516/cl516_7.mp4
355,cl456_10.mp3,jigs - “Christy Barry’s” and “The Maid on the Green”.,843,10,71,16,32,43,49,jig,"flute, concertina, fiddle",0,trio,https://media.comhaltas.ie/video/cl456/cl456_10.mp4
356,cl456_10.mp3,,1831,72,133,79,92,106,113,jig,"flute, concertina, fiddle",0,trio,https://media.comhaltas.ie/video/cl456/cl456_10.mp4
357,cl453_5.mp3,“The Marathon Hornpipe” ,13972,22,173,119,127,140,145,hornpipe,3 fiddles,0,trio,https://media.comhaltas.ie/video/cl453/cl453_5.mp4
358,cl452_9.mp3,jig “The Battering Ram”,382,11,119,46,54,80,101,jig,concertina,0,solo,https://media.comhaltas.ie/video/cl452/cl452_9.mp4
359,cl449_2.mp3,Reels - “Phyllis’s Birthday” (by Josephine Marsh) and “The Berehaven Reel” (by Finbar O’Dwyer),4149,12,86,24,39,46,52,reel,button accordion,0,solo,https://media.comhaltas.ie/video/cl449/cl449_2.mp4
360,cl449_2.mp3,,2244,87,161,104,116,121,128,reel,button accordion,0,solo,https://media.comhaltas.ie/video/cl449/cl449_2.mp4
361,cl448_5.mp3,reel - “The Kylebrack Rambler”,361,12,131,52,76,84,100,reel,banjo,11,solo,https://media.comhaltas.ie/video/cl448/cl448_5.mp4
362,cl448_4.mp3,reel: “Gregg’s Pipes” and “M and M”.,605,10,85,37,44,56,62,reel,"flute, concertina, fiddle",0,trio,https://media.comhaltas.ie/video/cl448/cl448_4.mp4
363,cl448_4.mp3,,9818,86,187,122,140,148,155,reel,"flute, concertina, fiddle",0,trio,https://media.comhaltas.ie/video/cl448/cl448_4.mp4
364,cl441_5.mp3,reel - “The Bunch of Keys”,344,10,127,32,89,100,107,reel,fiddle,0,solo,https://media.comhaltas.ie/video/cl441/cl441_5.mp4
365,cl440_5.mp3,hop-jigs - “The Promenade” and “The Butterfly”,409,10,49,10,20,25,36,(hop) jig,2 fiddles,2,duo,https://media.comhaltas.ie/video/cl440/cl440_5.mp4
366,cl440_5.mp3,,10,50,125,71,86,95,102,(hop) jig,2 fiddles,2,duo,https://media.comhaltas.ie/video/cl440/cl440_5.mp4
367,cl439_6.mp3,"reels - “The Merry Blacksmith”, “Shaskeen” and “The Hunter’s House”",72,11,82,15,36,45,59,reel,"fiddle, tin whistle, piano accordion",0,trio,https://media.comhaltas.ie/video/cl439/cl439_6.mp4
368,cl439_6.mp3,,615,83,160,110,124,135,147,reel,"fiddle, tin whistle, piano accordion",0,trio,https://media.comhaltas.ie/video/cl439/cl439_6.mp4
369,cl439_6.mp3,,472,161,239,161,185,209,222,reel,"fiddle, tin whistle, piano accordion",0,trio,https://media.comhaltas.ie/video/cl439/cl439_6.mp4
370,cl439_3.mp3,“The Poppyleaf Hornpipe” and “The Rakes of Drumlish Reel”,1058,9,97,11,24,32,61,hornpipe,fiddle,0,solo,https://media.comhaltas.ie/video/cl439/cl439_3.mp4
371,cl439_3.mp3,,12322,98,171,113,127,135,156,reel,fiddle,0,solo,https://media.comhaltas.ie/video/cl439/cl439_3.mp4
372,cl433_5.mp3,jigs commencing with “Andy McGann’s”,8000,10,83,28,42,51,60,jig,"piano accordion, piano",0,duo acc,https://media.comhaltas.ie/video/cl433/cl433_5.mp4
373,cl433_4.mp3,reels - “The Duke of Leinster” and “The Belles of Tipperary”,1385,11,84,11,18,33,58,reel,session,0,group,https://media.comhaltas.ie/video/cl433/cl433_4.mp4
374,cl433_4.mp3,,769,85,159,108,116,130,144,reel,session,0,group,https://media.comhaltas.ie/video/cl433/cl433_4.mp4
375,cl432_9.mp3,reels: “Sheila Coyles” and “The Millhouse”,1040,12,98,23,32,59,80,reel,"fiddle, banjo",0,duo,https://media.comhaltas.ie/video/cl432/cl432_9.mp4
376,cl432_9.mp3,,4484,99,180,122,142,149,166,reel,"fiddle, banjo",0,duo,https://media.comhaltas.ie/video/cl432/cl432_9.mp4
377,cl432_7.mp3,three jigs commencing with “Lost and Found”,1160,11,74,26,31,45,55,jig,"flute, piano, button accordion",0,trio acc,https://media.comhaltas.ie/video/cl432/cl432_7.mp4
378,cl432_4.mp3,reels commencing with “The Leitrim Lilter”,3943,12,90,34,48,58,77,reel,"flute, bodhran",0,duo acc,https://media.comhaltas.ie/video/cl432/cl432_4.mp4
379,cl432_3.mp3,jigs - “The Scotsman Over the Border” and “Willie Coleman’s”,548,16,81,26,31,40,46,jig,session,0,group,https://media.comhaltas.ie/video/cl432/cl432_3.mp4
380,cl432_3.mp3,,476,82,147,99,110,118,125,jig,session,0,group,https://media.comhaltas.ie/video/cl432/cl432_3.mp4
381,cl432_1.mp3,reels - “Paddy Gavin’s” and “The Morning Thrush”,5332,9,92,39,55,66,72,reel,flute,0,solo,https://media.comhaltas.ie/video/cl432/cl432_1.mp4
382,cl432_1.mp3,,967,93,217,152,170,179,200,reel,flute,0,solo,https://media.comhaltas.ie/video/cl432/cl432_1.mp4
383,cl426_7.mp3,reels ending with “The Golden Keyboard”,36,33,109,34,71,84,92,reel,"flute, concertina",0,duo,https://media.comhaltas.ie/video/cl426/cl426_7.mp4
384,cl426_6.mp3,“The Longford Collector”,563,12,125,49,72,92,105,reel,flute,0,solo,https://media.comhaltas.ie/video/cl426/cl426_6.mp4
385,cl426_4.mp3,reels - “The Yellow Tinker” and one of her own many compositions.,1554,24,135,67,83,94,103,reel,fiddle,0,solo,https://media.comhaltas.ie/video/cl426/cl426_4.mp4
386,cl425_8.mp3,"reels - “Tom Ward’s Downfall”, “Reel of Mullinavat” and “Queen of May”",565/898,8,79,21,42,48,53,reel,2 fiddles,0,duo,https://media.comhaltas.ie/video/cl425/cl425_8.mp4
387,cl425_8.mp3,,1339,80,150,89,95,100,114,reel,2 fiddles,0,duo,https://media.comhaltas.ie/video/cl425/cl425_8.mp4
388,cl425_8.mp3,,2518,151,204,154,168,179,187,reel,2 fiddles,0,duo,https://media.comhaltas.ie/video/cl425/cl425_8.mp4
389,cl423_4.mp3,“The Wonder Hornpipe”,337,8,111,56,66,81,90,hornpipe,flute,0,solo,https://media.comhaltas.ie/video/cl423/cl423_4.mp4
390,cl421_7.mp3,reels ending with “Berehaven”,2244,81,150,95,109,115,127,reel,"button accordion, guitar",9,duo acc,https://media.comhaltas.ie/video/cl421/cl421_7.mp4
391,cl411_8.mp3,"three reels, ending with “Love at the Endings” (by Ed Reavy)",990,132,198,149,156,170,175,reel,"flute, concertina, button accordion, fiddle, piano",0,group,https://media.comhaltas.ie/video/cl411/cl411_8.mp4
392,cl407_2.mp3,“The Dawn Reel”,167,10,77,13,21,30,53,reel,fiddle,0,solo,https://media.comhaltas.ie/video/cl407/cl407_2.mp4
393,cl406_6.mp3,“Come West Along the Road”,474,13,65,17,23,29,46,reel,session,0,group,https://media.comhaltas.ie/video/cl406/cl406_6.mp4
394,cl406_2.mp3,reels – “The Fisherman’s Island” (by Ed Reavy) and “Dowd’s Reel”,181,11,73,13,29,48,61,reel,"fiddle, guitar",0,duo acc,https://media.comhaltas.ie/video/cl406/cl406_2.mp4
395,cl406_2.mp3,,229,74,146,74,104,120,132,reel,"fiddle, guitar",0,duo acc,https://media.comhaltas.ie/video/cl406/cl406_2.mp4
396,cl404_2.mp3,reel “Touch Me if You Dare”,596,12,86,31,45,59,65,reel,"session (2 banjos, fiddle, guitar)",0,group,https://media.comhaltas.ie/video/cl404/cl404_2.mp4
397,cl399_7.mp3,hornpipe - “The Second Star” - and a reel - “The Derrycragg”,2222,10,170,32,53,75,157,hornpipe,"concertina, guitar",0,duo acc,https://media.comhaltas.ie/video/cl399/cl399_7.mp4
398,cl399_7.mp3,,2449,171,280,180,230,253,260,reel,"concertina, guitar",0,duo acc,https://media.comhaltas.ie/video/cl399/cl399_7.mp4
399,cl395_6.mp3,"reels: “The Copperplate”, “The Old Copperplate” and “Kiss the Maid behind the Barrell”",887,10,76,23,40,46,62,reel,session,0,group,https://media.comhaltas.ie/video/cl395/cl395_6.mp4
400,cl395_6.mp3,,410,77,179,123,128,146,160,reel,session,0,group,https://media.comhaltas.ie/video/cl395/cl395_6.mp4
401,cl395_6.mp3,,676,180,280,192,211,242,266,reel,session,0,group,https://media.comhaltas.ie/video/cl395/cl395_6.mp4
402,cl395_5.mp3,reels: “The Colliers” and “Berehaven”,2154,13,93,30,36,59,78,reel,button accordion,0,solo,https://media.comhaltas.ie/video/cl395/cl395_5.mp4
403,cl395_5.mp3,,2244,94,174,98,129,143,156,reel,button accordion,0,solo,https://media.comhaltas.ie/video/cl395/cl395_5.mp4
404,cl393_9.mp3,"jigs: “The Humours of Glen”, “My Former Wife” and “The Fog in the Bog”",469,11,72,17,23,48,60,jig,"flute, concertina, button accordion, fiddle, piano",0,group,https://media.comhaltas.ie/video/cl393/cl393_9.mp4
405,cl393_9.mp3,,3418,73,133,82,94,103,110,jig,"flute, concertina, button accordion, fiddle, piano",0,group,https://media.comhaltas.ie/video/cl393/cl393_9.mp4
406,cl393_9.mp3,,5659,134,194,143,151,157,172,jig,"flute, concertina, button accordion, fiddle, piano",0,group,https://media.comhaltas.ie/video/cl393/cl393_9.mp4
407,cl389_2.mp3,Reel – Jenny picking cockles,202,80,112,80,88,93,99,reel,fiddle,0,solo,https://media.comhaltas.ie/video/cl389/cl389_2.mp4
408,cl388_4.mp3,reels concluding with “The Colliers”,2154,168,240,174,189,209,221,reel,"banjo, guitar",0,duo acc,https://media.comhaltas.ie/video/cl388/cl388_4.mp4
409,cl388_1.mp3,jig “The Old Grey Goose”,241,12,196,18,100,119,136,jig,fiddle,0,solo,https://media.comhaltas.ie/video/cl388/cl388_1.mp4
410,cl387_2.mp3,reel - “Phyllis’s Birthday”.,4149,12,137,44,68,109,121,reel,session,0,group,https://media.comhaltas.ie/video/cl387/cl387_2.mp4
411,cl377_8.mp3,reels commencing with “The New Mown Meadow”,2706,12,67,16,31,38,52,reel,"button accordion, piano",0,duo acc,https://media.comhaltas.ie/video/cl377/cl377_8.mp4
412,cl365_8.mp3,"hornpipe, “The Wily Old Bachelor” into “The Edenderry Reel”.",10160,11,96,45,56,72,78,hornpipe,concertina,0,solo,https://media.comhaltas.ie/video/cl365/cl365_8.mp4
413,cl365_8.mp3,,9639,97,149,100,105,114,121,reel,concertina,0,solo,https://media.comhaltas.ie/video/cl365/cl365_8.mp4
414,cl364_1.mp3,two reels: “Ríl na Féirste” and “The Donegal Reel”,7321,18,81,30,36,48,53,reel,"flute, harp",0,duo acc,https://media.comhaltas.ie/video/cl364/cl364_1.mp4
415,cl364_1.mp3,,1621,82,150,86,101,125,133,reel,"flute, harp",0,duo acc,https://media.comhaltas.ie/video/cl364/cl364_1.mp4
416,cl363_1.mp3,reels - “Kiss the Maid Behind the Barrell” and “Spike Island Lassies”,676,12,72,22,28,40,51,reel,"tin whistle, bodhran, guitar",0,trio acc,https://media.comhaltas.ie/video/cl363/cl363_1.mp4
417,cl363_1.mp3,,737,73,135,75,91,103,120,reel,"tin whistle, bodhran, guitar",0,trio acc,https://media.comhaltas.ie/video/cl363/cl363_1.mp4
418,cl362_2.mp3,reels: “Josie McDermot’s” and “Trip to Nenagh”,1787,14,119,56,62,92,106,reel,"fiddle, concertina, button accordion",0,trio,https://media.comhaltas.ie/video/cl362/cl362_2.mp4
419,cl362_2.mp3,,831,120,258,205,221,226,234,reel,"fiddle, concertina, button accordion",0,trio,https://media.comhaltas.ie/video/cl362/cl362_2.mp4
420,cl361_10.mp3,reels ending with “The Dublin Reel”,384,79,150,97,114,126,138,reel,"fiddle, guitar",0,duo acc,https://media.comhaltas.ie/video/cl361/cl361_10.mp4
421,cl361_3.mp3,“Paddy Kelly’s Four-Part Reel”,3221,10,171,90,111,125,157,reel,concertina,0,solo,https://media.comhaltas.ie/video/cl361/cl361_3.mp4
422,cl361_2.mp3,reels ending with “Come West Along the Road”,474,98,169,100,113,127,153,reel,session,10,group,https://media.comhaltas.ie/video/cl361/cl361_2.mp4
423,cl359_9.mp3,reels: “St. Ruth’s Bush” and “Connie O’Connell’s”,633,9,82,34,44,53,58,reel,fiddle,0,solo,https://media.comhaltas.ie/video/cl359/cl359_9.mp4
424,cl346_6_64K.mp3,reels commencing with “The Duke of Leinster”,1385,6,106,53,61,69,93,reel,session,0,group,https://media.comhaltas.ie/video/cl346/cl346_6_Med.mp4
425,cl198_4Med.mp3,two hornpipes commencing with “Lad O’Beirne’s” composed by Ed Reavy,546,16,108,45,51,69,75,hornpipe,"fiddle, piano",0,duo acc,https://media.comhaltas.ie/video/cl198/cl198_4Med.mp4
426,cl344_7_64K.mp3,reels - “The Dublin Reel” and “The Bird in the Bush”,384,12,65,17,24,30,51,reel,"3 flutes, guitar",0,group,https://media.comhaltas.ie/video/cl344/cl344_7_Med.mp4
427,cl344_7_64K.mp3,,629,66,138,83,96,103,110,reel,"3 flutes, guitar",0,group,https://media.comhaltas.ie/video/cl344/cl344_7_Med.mp4
428,cl344_6_64K.mp3,"“Barrack Obama Reel”, preceded by “Miss McLeod’s Reel”",75,23,127,56,62,74,88,reel,session,0,group,https://media.comhaltas.ie/video/cl344/cl344_6_Med.mp4
429,cl342_5_64K.mp3,"“The North Shore Hornpipe”, “Scatter the Mud” (jig) and “Miss McLeod’s Reel”",5384,8,96,20,29,49,72,hornpipe,"button accordion, harp",0,duo acc,https://media.comhaltas.ie/video/cl342/cl342_5_Med.mp4
430,cl342_5_64K.mp3,,728,97,152,99,109,127,139,jig,"button accordion, harp",0,duo acc,https://media.comhaltas.ie/video/cl342/cl342_5_Med.mp4
431,cl342_5_64K.mp3,,75,153,245,189,209,214,224,reel,"button accordion, harp",0,duo acc,https://media.comhaltas.ie/video/cl342/cl342_5_Med.mp4
432,cl342_2_64K.mp3,"jigs: “Tonra’s” and “Sport”, composed by Peadar O’Riada",451,10,102,24,60,69,75,jig,"flute, fiddle, guitar",11,trio acc,https://media.comhaltas.ie/video/cl342/cl342_2_Med.mp4
433,cl342_2_64K.mp3,,870,103,244,119,201,219,227,jig,"flute, fiddle, guitar",11,trio acc,https://media.comhaltas.ie/video/cl342/cl342_2_Med.mp4
434,cl342_1_64K.mp3,Jig: “The Geese in the bog”,43,157,218,170,178,186,193,jig,fiddle,0,solo,https://media.comhaltas.ie/video/cl342/cl342_1_Med.mp4
435,cl326_1_64K.mp3,Jig “The Gold Ring” (D version),1351,9,138,51,100,110,121,jig,5 fiddles,0,group,https://media.comhaltas.ie/video/cl326/cl326_1_Med.mp4
436,cl324_7_64K.mp3,jigs - “Adam and Eve Jig” and “Jerry’s Beaver Hat”,865,14,81,32,43,54,60,jig,"flute, banjo, fiddle, tin whistle",0,group,https://media.comhaltas.ie/video/cl324/cl324_7_Med.mp4
437,cl324_7_64K.mp3,,319,82,147,89,95,102,115,jig,"flute, banjo, fiddle, tin whistle",0,group,https://media.comhaltas.ie/video/cl324/cl324_7_Med.mp4
438,cl322_7_64K.mp3,jigs - “The Gold Ring” (‘D’ version) and “Brendan Tonra’s”,1351,20,139,81,98,104,110,jig,"concertina, fiddle",11,duo,https://media.comhaltas.ie/video/cl322/cl322_7_Med.mp4
439,cl322_7_64K.mp3,,451,140,198,147,160,169,183,jig,"concertina, fiddle",11,duo,https://media.comhaltas.ie/video/cl322/cl322_7_Med.mp4
440,cl307_2_64K.mp3,"“The Scent of the Bog” hornpipe, followed by a reel.",5905,5,105,13,31,58,92,hornpipe,fiddle,7,solo,https://media.comhaltas.ie/video/cl307/cl307_2_Med.mp4
441,cl303_5_64K.mp3,“Fly by Night” hornpipe and the “M and M” reel,3122,10,98,45,54,73,81,hornpipe,"guitar, fiddle, banjo, concertina",0,group,https://media.comhaltas.ie/video/cl303/cl303_5_Med.mp4
442,cl300_3_64K.mp3,"jigs, commencing with “Rosewood” and “The Woods of Old Limerick”",815,24,86,29,34,52,72,jig,"2 fiddles, piano",0,trio acc,https://media.comhaltas.ie/video/cl300/cl300_3_Med.mp4
443,cl300_3_64K.mp3,,3893,87,150,90,101,122,132,jig,"2 fiddles, piano",0,trio acc,https://media.comhaltas.ie/video/cl300/cl300_3_Med.mp4
444,197_2Med.mp3,"slip jigs are “Hunting the Hare”, “The Swaggering Jig” (which is this week’s Tutorial), followed by “Hardyman the Fiddler”",3653,38,106,38,60,67,89,slip jig,"button accordion, piano",0,duo acc,https://media.comhaltas.ie/video/cl197/197_2Med.mp4
445,197_2Med.mp3,,661,107,175,110,130,149,155,slip jig,"button accordion, piano",0,duo acc,https://media.comhaltas.ie/video/cl197/197_2Med.mp4
446,197_2Med.mp3,,48,175,242,179,192,209,223,slip jig,"button accordion, piano",0,duo acc,https://media.comhaltas.ie/video/cl197/197_2Med.mp4
447,197_3Med.mp3,“The Bee’s Wing” hornpipe followed by two reels.,945,5,92,20,43,62,74,hornpipe,"fiddle, harp",9,duo acc,https://media.comhaltas.ie/video/cl197/197_3Med.mp4
448,cl206_4Med.mp3,"two single jigs, “The Ivory Bowl” and “Micko Russell’s”",4371,16,75,26,34,43,60,slide,"fiddle, guitar",0,duo acc,https://media.comhaltas.ie/video/cl206/cl206_4Med.mp4
449,cl215_6Med.mp3,a slip jig: “Will you Come Down to Limerick”,2337,15,95,30,41,62,67,slip jig,fiddle,0,solo,https://media.comhaltas.ie/video/cl215/cl215_6Med.mp4
450,cl243_4_Med.mp3,slip jigs “The Whinny Hills of Leitrim” 1 & 2 + Garech’s Wedding,8976,26,73,26,34,48,54,slip jig,tin whistle,0,solo,https://media.comhaltas.ie/video/cl243/cl243_4_Med.mp4
451,cl243_4_Med.mp3,,1064/378,74,110,74,80,86,96,slip jig,tin whistle,0,solo,https://media.comhaltas.ie/video/cl243/cl243_4_Med.mp4
452,cl243_4_Med.mp3,,2620,110,157,110,121,131,140,slip jig,tin whistle,0,solo,https://media.comhaltas.ie/video/cl243/cl243_4_Med.mp4
453,cl262_1_Med.mp3,"first is the double jig “Fasten the Leggin”, and the second is a single jig, “Adam and Eve.”",865,136,229,159,173,195,205,slide,"fiddle, flute",0,duo,https://media.comhaltas.ie/video/cl262/cl262_1_Med.mp4
454,cl318_3_Med.mp3,slip jig “An Phis Fliuch”,879,8,130,33,71,99,113,slip jig,fiddle,0,solo,https://media.comhaltas.ie/video/cl318/cl318_3_Med.mp4
455,cl342_6_Med.mp3,slip jigs: “Give Us a Drink of Water” and “Hardiman the Fiddler”,635,10,77,16,37,44,49,slip jig,"3 flutes, uilleann pipes, fiddle, tin whistle",0,group,https://media.comhaltas.ie/video/cl342/cl342_6_Med.mp4
456,cl342_6_Med.mp3,,48,78,149,96,108,124,136,slip jig,"3 flutes, uilleann pipes, fiddle, tin whistle",0,group,https://media.comhaltas.ie/video/cl342/cl342_6_Med.mp4
457,cl409_1.mp3,multi-part “Derry Hornpipe”.,3250,10,260,63,150,162,204,hornpipe,"fiddle, uilleann pipes",0,duo,https://media.comhaltas.ie/video/cl409/cl409_1.mp4
458,cl411_7.mp3,"selection of slides (2)Sergeant Cahill, ",1614,8,56,8,20,30,38,slide,session,0,group,https://media.comhaltas.ie/video/cl411/cl411_7.mp4
459,cl411_7.mp3,Bedford Cross,7444,57,109,59,71,84,96,slide,session,0,group,https://media.comhaltas.ie/video/cl411/cl411_7.mp4
460,cl411_9.mp3,hornpipes – “The Boys of Bluehill” and “Off to California”,651,9,96,36,43,64,79,hornpipe,"2 fiddles, low whistle",0,trio,https://media.comhaltas.ie/video/cl411/cl411_9.mp4
461,cl411_9.mp3,,30,97,180,97,103,135,143,hornpipe,"2 fiddles, low whistle",0,trio,https://media.comhaltas.ie/video/cl411/cl411_9.mp4
462,cl412_5.mp3,Two hornpipes “City of Savannah” and “Fly by Night”,1607,8,104,50,56,72,85,hornpipe,flute,0,solo,https://media.comhaltas.ie/video/cl412/cl412_5.mp4
463,cl412_5.mp3,,3122,106,200,114,119,127,147,hornpipe,flute,0,solo,https://media.comhaltas.ie/video/cl412/cl412_5.mp4
464,cl414_6.mp3,slip jigs commencing with “The Kid on the Mountain” / Farewell to Whalley Range,52,10,118,20,64,90,106,slip jig,fiddle,0,solo,https://media.comhaltas.ie/video/cl414/cl414_6.mp4
465,cl414_6.mp3,,2410,119,162,119,126,131,137,slip jig,fiddle,0,solo,https://media.comhaltas.ie/video/cl414/cl414_6.mp4
466,cl414_8.mp3,slip jigs “Tigh Raffertaigh” (by Mícheál Rooney) and “The Honey Bee”,2143,9,56,9,17,25,38,slip jig,harp,0,solo,https://media.comhaltas.ie/video/cl414/cl414_8.mp4
467,cl414_8.mp3,,3864,57,106,58,66,75,91,slip jig,harp,0,solo,https://media.comhaltas.ie/video/cl414/cl414_8.mp4
468,cl425_10.mp3,hornpipe “Fly by Night”,3122,10,114,31,61,87,97,hornpipe,"flute, harp",0,duo acc,https://media.comhaltas.ie/video/cl425/cl425_10.mp4
469,cl429_4.mp3,“The Green Island Hornpipe”.,9535,12,118,62,71,76,104,hornpipe,"flute, fiddle, piano accordion",0,trio,https://media.comhaltas.ie/video/cl429/cl429_4.mp4
470,cl436_3.mp3,“Horse Keane’s Hornpipe” and “Dancing Eyes Jig”,1786,10,94,23,35,54,73,hornpipe,"flute, fiddle, guitar",0,trio acc,https://media.comhaltas.ie/video/cl436/cl436_3.mp4
471,cl442_8.mp3,“Bantry Bay Hornpipe”.,1061,13,95,39,51,62,77,hornpipe,ceili band,0,group,https://media.comhaltas.ie/video/cl442/cl442_8.mp4
472,cl444_3.mp3,hornpipe: “Dan’s Request” (by Paddy O’Brien).,8670,12,113,35,48,57,76,hornpipe,ceili band,0,group,https://media.comhaltas.ie/video/cl444/cl444_3.mp4
473,cl451_9.mp3,“The Stage Hornpipe”,1249,9,120,37,60,66,96,hornpipe,fiddle,0,solo,https://media.comhaltas.ie/video/cl451/cl451_9.mp4
474,cl452_2.mp3,hornpipe “Quinn of Armagh” (by Ed Reavy),10601,12,114,37,74,83,99,hornpipe,fiddle,11,solo,https://media.comhaltas.ie/video/cl452/cl452_2.mp4
475,cl508_9.mp3,“McNamara’s Barndance”,5138,13,96,46,56,70,76,barndance,"fiddle, concertina",0,duo,https://media.comhaltas.ie/video/cl508/cl508_9.mp4
476,cl533_12.mp3,selection of Slip Jigs commencing with “Joe Kilmurray’s”.,13284,16,111,25,70,77,88,slip jig,"full group (flute, concertina, fiddle, banjo, harp)",2,group,https://media.comhaltas.ie/video/cl533/cl533_12.mp4
477,cl277_7_160K.mp3,"jigs, ending with “The Wandering Minstrel.”",2025,105,192,114,128,145,179,jig,session,0,group,https://media.comhaltas.ie/video/cl277/cl277_7_Med.mp4
478,cl541_1.mp3,a Hornpipe and a Reel - “The plane of the plank” and “The Caucus”,9800,35,131,58,64,81,109,hornpipe,"fiddle, button accordion",0,duo,https://media.comhaltas.ie/video/cl541/cl541_1.mp4
479,cl542_12.mp3,a hornpipe “The swan” (S. Ryan) and a reel “Pigtown”.,1036,19,106,20,59,65,79,hornpipe,concertina,0,solo,https://media.comhaltas.ie/video/cl542/cl542_12.mp4
480,cl543_8.mp3,a Hornpipe - “The golden eagle”,974,15,96,27,36,71,76,hornpipe,"flute, harp",0,duo acc,https://media.comhaltas.ie/video/cl543/cl543_8.mp4
481,cl520_12.mp3,an O’ Carolan waltz and “The Scottish jig,5085,9,173,43,70,89,146,waltz,harp,0,solo,https://media.comhaltas.ie/video/cl520/cl520_12.mp4
482,cl449_6.mp3,“The Bee’s Wing” hornpipe,945,15,112,25,68,86,94,hornpipe,"fiddle, concertina",0,duo,https://media.comhaltas.ie/video/cl449/cl449_6.mp4
483,cl376_6.mp3,"Slides (2)Padraig O’Keefe’s, ",16779,13,69,13,23,44,57,slide,"button accordion, fiddle, bodhran",0,trio acc,https://media.comhaltas.ie/video/cl376/cl376_6.mp4
484,cl376_6.mp3,The Gleanntan Frolics,5215,69,124,73,81,97,106,slide,"button accordion, fiddle, bodhran",0,trio acc,https://media.comhaltas.ie/video/cl376/cl376_6.mp4
485,cl343_7_Med.mp3,West Limerick Slides The Hare In The Corn,1736,6,64,9,15,37,49,slide,2 fiddles,0,duo,https://media.comhaltas.ie/video/cl343/cl343_7_Med.mp4
486,cl343_7_Med.mp3,The Hare in the corn,4579,65,124,70,83,90,101,slide,2 fiddles,0,duo,https://media.comhaltas.ie/video/cl343/cl343_7_Med.mp4
487,cl343_7_Med.mp3,Going To The Well For Water,455,125,185,132,142,153,160,slide,2 fiddles,0,duo,https://media.comhaltas.ie/video/cl343/cl343_7_Med.mp4
488,cl237_1_Med.mp3,The flings are: “Her long golden hair” by Junior Crehan and “The Cameronian Highlander” composed by Scottish fiddler Scott Skinner,2006/1263,25,140,83,95,112,123,fling,"bouzouki, fiddle, flute, button accordion",9,group,https://media.comhaltas.ie/video/cl237/cl237_1_Med.mp4
489,cl237_1_Med.mp3,,2864,141,257,141,162,220,243,fling,"bouzouki, fiddle, flute, button accordion",11,group,https://media.comhaltas.ie/video/cl237/cl237_1_Med.mp4
490,cl226_6_Med.mp3,“The Highland Man” and “Casey’s Pig”.,2847,24,81,30,36,44,56,highland,"full group (fiddle, flute, button accordion, 2 piano accordions, piano)",0,group,https://media.comhaltas.ie/video/cl226/cl226_6_Med.mp4
491,cl226_6_Med.mp3,,4332,81,137,84,91,105,115,highland,"full group (fiddle, flute, button accordion, 2 piano accordions, piano)",0,group,https://media.comhaltas.ie/video/cl226/cl226_6_Med.mp4
492,cl442_1.mp3,“Brendan McGlinchey’s Hornpipe”,1294/5062,12,161,14,125,131,149,hornpipe,fiddle,11,solo,https://media.comhaltas.ie/video/cl442/cl442_1.mp4
493,cl438_8.mp3,three-part hornpipe “The Cuckoo’s Nest”,2395,12,160,55,93,129,141,hornpipe,fiddle,0,solo,https://media.comhaltas.ie/video/cl438/cl438_8.mp4
494,cl345_1_Med.mp3,"West Limerick Slides, The Game Cock",11914,10,62,10,18,25,34,slide,"flute, button accordion",11,duo,https://media.comhaltas.ie/video/cl345/cl345_1_Med.mp4
495,cl345_1_Med.mp3,Bridgie Murphy,9806/3430,63,115,65,79,87,103,slide,"flute, button accordion",11,duo,https://media.comhaltas.ie/video/cl345/cl345_1_Med.mp4
496,cl345_1_Med.mp3,Gale Bridge,7459,116,169,118,129,137,142,slide,"flute, button accordion",11,duo,https://media.comhaltas.ie/video/cl345/cl345_1_Med.mp4
497,cl468_9.mp3,selection of mazurkas - “The Donegal’ (?) and “The Kilcar”,3286,84,158,87,102,120,132,mazurka,tin whistle,0,solo,https://media.comhaltas.ie/video/cl468/cl468_9.mp4
498,cl413_2.mp3,mazurka - “Peeler’s Creek”,6634,11,82,12,31,37,66,mazurka,full group,0,group,https://media.comhaltas.ie/video/cl413/cl413_2.mp4
499,yt1.mp3,"""Beautiful Goldfinch Waltz"", Kevin Crawford, Dylan Foley & Josh Dukes",5684,6,160,9,39,51,58,waltz,"fiddle, bouzouki",0,duo acc,https://www.youtube.com/watch?v=CiQhY5TCajI
500,yt2.mp3,Shoe the donkey,2320,2,113,31,56,82,93,mazurka,uilleann pipes,1,solo,https://www.youtube.com/watch?v=46q7Fk8_lyk
